app,LN-2019,C5-2019,C6-2019,LA-2019,C52-2019,LN-C5,LN-C6,LN-C52,LL,LA-C5,LA-C6,LA-C52,C5-C6,C5-C52,C6-C52
Encrypted Videos,3.97955835092943,3.7770466813614454,3.9625657563739614,3.926366888014609,5.073514185843479,2.6670568226120523,2.368385683363358,3.8263737389922103,1.8897240104748818,3.0220105779319586,2.063470686653126,3.4100034125568066,2.733896427200538,4.174587373978387,2.6970106603535253
Netflix,2.9715235370992756,3.046127774248681,2.974891893322022,2.9396393605452684,3.057284227558279,1.2130564621111726,1.482545942009485,1.551945794844545,1.2212586651662927,1.5127434130988529,1.9724143683703668,1.2561451406528015,1.6492824008536933,1.7240252305848958,2.0058533473192472
Youtube,2.5639781947999447,2.7950656896068145,1.9767077027180036,2.5315431644897983,2.3681419920185642,1.261961020443436,1.4802250869258176,1.4603534215752974,2.0845955825614593,2.0579992884757616,2.18838226661863,2.1110751400573067,1.8744191469859446,1.9593106092509203,1.1614911970408468
SnapChat,2.41759807914402,2.600292296259004,2.066829061546016,2.3945401229414376,2.1601019272403206,1.1906325880733077,1.4743505781680963,1.2785839809531787,1.8131957420849545,1.717655725323096,2.033021118878354,1.7805842932493074,1.6040512294064633,1.3014575576030503,1.511074314737765
Apple App Store,4.136844145222165,4.325771634680701,3.765256208715301,3.496923750868593,3.33895856830801,2.9345508434287018,2.505035254600183,3.0918424161623315,3.277016092370018,3.568253940447988,2.7486046701208546,2.9191933602983453,3.0034330683594637,3.3509304818897383,2.7575520234490436
Google Play Store,3.9385230369397872,5.205978572194875,5.095145822912201,5.060922416486853,5.3340933104517,5.005440122503609,4.090644445042983,4.811762097603879,4.03471551215827,6.253118179335406,2.4454467472228334,3.107022448661365,6.989035767910226,7.719023979346879,3.3437390724215645
Apple video,6.036354914532677,5.820622230765279,6.4759091065566015,6.52272906504307,6.620185853634483,1.8029477767849533,2.9861621821972824,2.582363593581726,2.7533033460766423,2.792513526498535,2.7526566107673034,1.874111206579288,3.4131113066626844,2.91917741034214,2.970064929296777
DownloadsWeb,2.4054349204159053,2.1863984534351006,2.4619438473738557,2.680242830840444,2.9135466854123475,2.5233480129235972,2.425659198292754,3.142389187805009,3.001157242656841,2.5589086802465992,2.7122933504383027,2.236856371921222,2.2796911761024337,2.7917850244988625,2.1899644496592807
Deezer,1.76376099160987,2.315936188351925,2.0474315596397306,2.6222849401590063,1.989377475108395,1.8268109615654518,1.9429090248319731,1.8721184525972265,2.303075317378704,1.8439120608340256,2.4715974203041235,2.0771782738013522,2.1607574338209354,2.0345948711642885,1.4401677971011027
Web Advertising,1.8845251800797782,2.261819118366915,1.7756596852525794,2.0470328186725415,2.023794429672862,2.0390679323703966,1.0889824531538164,1.2355766744069172,1.3402693239982275,1.7842975180293403,1.3087287681482462,1.6192105473862168,2.037190621147517,2.207921435432134,1.2990195686051897
Apple iCloud,1.7752402342008897,1.6482877783753402,1.3839241425174373,2.075229398575811,1.378455341895142,1.0120927768937569,1.177758393656572,1.2747714235528524,1.1966906188144149,1.2023929263209432,1.6154228662234855,1.6564005202558485,1.3361212979497634,1.2546390676152313,1.0060390454816706
HTTP_MP4,4.959785136527326,4.96146966820947,5.325155711049024,5.695821319372642,5.920406329066087,1.4688427232534187,1.8588147568520732,2.2829821271784505,1.9615945557361614,2.0026307277303865,2.2571423602941363,1.7966063058499393,1.7805005690452338,2.0143983795962366,2.3155540338889
Twitch,2.702135524382934,3.1036487216657136,3.374105652287374,3.1771235136969946,2.9596820529197316,1.989136959512947,1.8914082244078316,2.4074352150605463,2.124420256885734,2.203850122179818,2.183565739059603,2.3357292791290636,2.2690633786326564,2.160349853836566,2.0208634788275788
DailyMotion,4.3062778044375545,4.735103927298459,3.698991858135629,3.2928583232155724,3.0767722950684413,4.922891109591605,3.6657168223999497,3.574598111605205,3.508116285089115,4.634097864191791,3.6500086383919697,2.2152046244838486,4.056272978564859,4.949585828869385,3.453126485941324
HTTP,3.0968405857260013,3.0629067812672885,2.7631779705294894,2.690955600159868,2.786332556451844,2.213604630139037,1.8641759540875746,2.2750317766414585,2.400424263867031,2.69303832099907,2.614915051555414,2.39419062069318,2.311108461891115,2.38083712085264,2.055800562880474
PlayStation,2.688753193377123,3.609958531778156,4.995844498007429,4.092974045782943,5.534628044436144,2.8422774225089005,3.7912722835002337,4.590019555571926,3.1863498697077905,4.598413667733098,3.9334371502675674,3.780431000180578,4.465560140137639,4.931158966682701,2.2894846117103054
Twitter,1.913415607153579,1.8839921360243457,1.615770517157372,2.2044899519976853,1.7720480305999113,1.6951460430594982,1.7861829936165226,1.3519104112994536,1.9133337269477104,1.7647276071150215,2.407607589713059,1.850704695289282,1.8673108692544926,1.4543277451101784,1.4889878106495695
LinkedIn,2.0958932859762522,2.239134401776898,2.122349327061271,2.023366783951707,2.26416050388984,1.072245805515509,0.9723086324411978,1.2214159864585272,1.202204039858146,1.5741544841481472,1.1772844424970832,1.1102179352372594,1.4198220139208706,1.5842942198690972,1.0261244981502933
HTTP Streaming,4.7685931262596215,4.56237402284184,4.395567533547203,6.112293679975067,4.809802522277068,2.88068724102924,2.7794463234112277,3.5930054639029785,2.6821857064111985,4.188300065342001,4.169536119062877,4.75397541541418,1.963431770911363,2.2409715891032604,2.500323898499313
Orange TV,3.726005988887221,3.5305574246353135,3.2103421512110932,3.039859626142832,3.390284627966199,2.2332050917950226,2.3496615299160712,2.681283805336693,2.6447815680183218,2.453531433566864,2.4708345011617054,2.016559037803838,2.3070995166938233,2.4397271658011297,2.195444174718888
Molotov TV,3.14201164558854,3.1665134790068405,3.1205199513568833,2.772221528322826,2.885067814730837,2.1229818659314836,1.5759915896832541,2.7380595939359593,2.258685413803304,2.123544151101624,2.214341358954616,1.9006597873462838,1.8065825447637716,2.626531283762315,2.5642781885425627
Apple Video,5.071350502709025,10.48275537867009,10.467187255126357,13.199396303897833,inf,9.689325466149578,10.225645888740885,inf,13.167585948460424,5.302633107809143,5.053595175960221,inf,4.151017741333356,inf,inf
Streaming TS,4.419957100313252,3.6779805227431557,2.9681740981767284,4.478511736828654,3.2890793344703506,4.226627326711249,3.861316146517564,5.232479507067388,2.584818231323031,3.5350126933523076,4.355477575715039,5.416738015939735,3.515294370608996,4.731568699202097,3.2083743093914108
e-Commerce,2.199449684041889,2.397287863027808,2.340929146336494,2.337891230742968,2.0395286428032358,1.6522345287450668,1.457014913474342,2.019293737738578,1.7378454538978327,1.4689988853782605,1.5905604138418137,1.4208324737846112,1.8029675302923789,1.8519418968479644,1.631407759681266
WhatsApp,3.0864056700153557,3.0130168926495466,3.5500554360042553,3.3888067534741255,3.3733607219591923,1.5986199927274733,1.3910343321772383,1.956961093799178,1.6181776135145358,1.5353071385047188,1.4889497563235632,1.3854114934879744,1.6718890589464364,1.351981468734546,1.7626054408034715
Apple Music,2.202065161260267,2.629317987809684,2.46661423366764,2.917451499356771,2.399191170619143,1.8743251513020682,2.049121109673771,1.9167022766842825,2.67172585298342,2.1046341447675805,2.455501913897924,2.1240958836996313,2.016249678096403,2.058817825202937,1.418777501959038
Pinterest,1.8940251767109149,1.9528966862819832,1.9084760292731344,1.98524572507629,1.7052019606232587,1.4990904828587552,1.1137720503848472,1.3364965924784673,1.8862972550190142,1.5497852836515884,2.1336736654149746,1.6373836374158808,1.7865514936616684,1.5095161639927301,1.422653592353948
Google Drive,2.394704500995255,2.4144932005008246,2.1949846663266217,2.2470560517811125,2.192940448443989,1.30659516203474,1.170029819001702,1.542997744934832,1.0693695069669031,1.4301555631310825,1.1218715169949285,1.5392638152550733,1.667156397318673,1.898218165099927,1.2188691012950397
Google,1.9902400455748739,1.7081601366740669,1.6729176903773642,1.8932589857010924,1.8769553093824825,2.4365331287956398,2.0282372132687665,2.481798392949295,2.184467083181064,1.6039795614198789,1.999927231354674,1.400427645955282,1.603227714907279,1.5230949371670595,1.3579820783697916
NewsPaper,2.4543852451360197,2.898188658095054,1.9682196025829848,2.148506085957902,2.8549329517765694,2.775154354123729,2.124007812640295,2.334901583119856,2.06319509501782,2.528491914689295,1.9576095041603083,2.3735561486869154,2.511473238344621,2.570579786595453,2.3291424224305555
Generic Clothes,2.0510095853975234,2.0705046008398127,2.402558128866378,1.9176224886592899,1.8510290056336818,1.2346289540492148,1.3741096228366685,1.340113713826788,1.345267730381874,1.6073583125581854,1.7461743821900122,1.2795524865101207,1.7699068698837475,1.5864069353646966,1.6356059637425828
Silverlight ,3.560412543521294,3.688353810009802,3.789653145922723,3.7135354825645512,3.656292121569168,1.8424051670665675,1.7752024044454924,2.3250806406197073,1.9518909794882224,2.2235664134455555,2.304842307559345,1.35315444691236,1.5547960843175568,2.4848785380825804,2.57697958803542
Google Maps,1.8668264031357829,1.279570877472715,1.3303913668536196,1.7131226504015282,1.6220669494961042,1.8575711952675145,1.709000717927656,2.1634921622859125,1.940749247959759,1.7092182259952577,1.3512549801949114,1.2817154031882827,1.301780297477223,1.662982362166642,1.3120972137913216
Ads,2.1121319069576465,2.1792765562801275,2.3410659461365952,1.9015165574223405,1.7449719096992007,1.2387367922141677,1.341830731231409,1.463632857207285,1.0250207434677403,1.3116515284280685,1.434819277346841,1.0889460927535144,1.6207334426809084,1.627399709644762,1.690014465196636
Steam,3.052229395821376,4.554774567146086,4.172676813143191,3.4394566119804586,3.45675580782343,3.191156973807437,2.779253717018934,3.306644066746993,2.526672687469353,3.4905140823484926,2.287646363077198,2.896540009468439,3.34350169348589,4.504700931726536,2.9398349846272964
Microsoft Mail,1.536029956935017,1.606611144094444,1.5819210846657383,1.7030345691963884,1.6734041013431418,0.9185626283402701,0.5812760946313293,0.7514060532596705,0.8989352745389103,1.1022366529573797,0.6739341812024915,0.7610879732734988,1.0201765271879264,1.2012276914357847,0.5997425094135629
Icecast,2.5283507368118654,2.5374736928063597,2.462117319969928,2.0689366747442786,2.5379927255695067,1.302055732059544,0.6235303924703804,1.2029544140371655,1.38649674619892,1.449466112131276,1.3171569586012601,1.6860364337456037,1.2721857063510296,1.5595060153103792,1.0802374566801425
Apple iTunes,5.002119002076575,4.0539394210961435,5.524196920455784,5.078023728888852,5.504507006530933,4.572459208320648,2.9124836994344236,2.5871278919777563,2.1965546065075996,4.669890030154836,2.585289215949356,2.016854481709746,4.409462329295899,4.988204832721096,2.655595341318467
Spotify,3.85248105788923,3.3644931692021713,3.356906005513285,3.4614655570552424,3.8715666643442272,1.7553720823469374,2.021509224990841,1.804110978170835,2.98717823196788,2.38742023271231,2.8901549096006356,2.7238894448077744,2.0304544928644552,1.967323509509775,1.5525599388284812
Google Meet,2.073391246675783,2.4159755560525698,2.358112694391992,2.0956638378119576,2.3186709170443045,1.5073543506436275,1.883477911966488,1.9527628072125252,1.9131736178325969,2.365264806629857,1.748383366424284,1.2996245947820309,2.173653264981939,2.4494561167555284,1.862448817812963
MMS,1.815997386250847,1.728535055817456,1.7418984299341747,1.7534875495894588,1.1837413746870524,1.0693490670097547,1.1641761675415723,1.6662917708594045,1.4302020225963488,1.434500217289991,1.3217460251425988,1.2782513587984885,1.481331658586698,1.6801203060490535,1.54564279752306
Uptobox,3.5450033806473784,3.8633592746660823,3.3656207076657285,3.1939832695098205,3.2448140481287826,2.8673780510872806,3.240081439797873,3.380689227194069,3.0057651490868658,3.5828067392568097,2.4316305104814564,2.808489815007512,3.7038576653522384,4.056682599638279,2.4385351081501794
WeTransfer,1.9392041137038063,2.07816308196075,1.7632735903540178,1.9966555494110332,1.5089304200139604,1.6130896949809141,1.1985056203301563,1.6940390602607227,1.7119262006316514,1.6719912162434494,1.7477664595743465,1.661541167458332,1.6864277053525965,1.8415087487209052,1.4432430717090865
Apple iMessage,2.3381491232697815,2.1184245977332092,2.275142953676348,2.836608110014782,2.4812442183424355,1.5647358743084108,1.3180595246440667,2.267471562754639,1.8187228186269209,2.0995601758700473,1.7186550467358026,2.336312122320649,1.650476321812923,2.3992003369573047,2.370377067434081
Dropbox,2.6302185886224803,2.2756396690097422,3.3875235590394186,3.480752217289231,2.778213165084755,2.3800232696512698,2.3500107793010483,3.306948358593687,3.0469593280364333,3.6139528963578096,2.645921638208683,3.492450145530393,3.29211259490747,3.482394904163281,3.7500740925254723
Amazon,1.8759782194766115,2.0428975790938595,1.5368668042827829,1.5940790382906005,1.350818113967187,2.0673553487615415,1.4615029203056544,1.8370531856153567,1.5591478350448864,1.8282971657252212,1.6015972183251663,1.5093405592777016,1.8519519243211948,1.9752303998157201,1.3321785086224833
Waze,3.8484470003474085,2.618414829360331,2.8997382515955024,2.7881691181034056,2.4797498670465665,3.1895912497927044,2.821462819667956,3.5505039243440732,2.1547674614327628,2.2499256052648025,2.320716899940335,2.6237716710927717,2.064977674205496,2.575970285093387,2.291930593739665
NewsMag,2.706047038455785,2.72581312600843,2.807480764154863,3.2346405156434352,3.143103310361746,1.63423958868802,1.3340962674600163,2.0330499719966073,2.0051976933590017,2.077581587600118,1.6469289724383434,2.03503848723013,1.444563035466572,2.0023759460699146,1.7530906885399624
OneFichier,3.595025400979367,3.4102446697728217,2.9117198196652843,3.4734721146901704,3.246602947916995,2.5980763608412247,2.205148284079843,3.0981370541277062,2.4354694760275546,2.527253916987265,2.325788156077652,2.481921448168238,2.5202038456317033,2.9405108089122916,2.498870139762663
Soundcloud,2.151963040353319,2.5780230679527047,2.081718129745644,2.892722775976789,2.2081618814727046,1.6289370440037425,1.7204507003149185,1.6370281033150305,2.046876848557546,1.7565604545515563,2.122555296668684,1.6863037691210996,1.8444352224314275,1.6282909498697382,1.5049525367993275
Orange Mail,1.1791410151276513,1.377564893661056,1.116382215861191,1.0068564363797887,1.0025050571457093,0.9196459808827893,0.5530766281381432,0.8656153535677311,0.753811937547069,1.184373357096477,0.7133816344492565,0.7834899506124405,1.1305075059704974,1.3598071852482734,0.7303746775286628
BitTorrent,3.1546797782753475,2.8285643143103667,2.6488084348309333,2.5146557927420576,2.5254420636181356,2.029238523480895,1.993973958567536,2.378223017018428,2.2898708924088775,2.5311024090065732,1.983606729536473,2.177246772149331,2.156177547189477,2.281072926412472,2.2260611144572864
WebM Streaming,2.3979929034037184,2.322231978430064,1.9762245361384576,2.064483656268553,2.216074696523775,1.9936733925736365,2.0821727243860924,2.167605675454991,2.1519907998020256,2.195396850016503,1.8697250245308121,2.141934657392917,1.7944668997910707,2.1629263503202143,2.006089913736913
Women-targeted Sites,3.2608646899382148,3.82418892226122,3.0575718451481153,3.7923507596277988,3.594495545067829,3.836237220498856,3.0336561208779314,2.7298772880712994,3.7727169776403784,3.515952359073274,3.307786038921546,3.630716912344745,3.3987390868043375,3.6844475364312075,2.7968125405813424
VK,6.097746992337526,7.004565102028183,6.451691931574596,6.228448938882165,6.38835460258324,3.99095868909482,3.7845020109195233,3.516708525634884,3.5382988976541574,3.522167285152471,3.690561664205591,3.960476874721802,3.606167987842599,3.6989454254675396,3.3986878102847307
Yahoo,2.8139424673697695,3.0882452699007303,3.254269427683051,3.65188395082182,3.792958330689904,2.079721011477007,1.9333304516951604,2.704509102545939,2.3418495301269155,2.411317502224707,1.8809579952467934,2.7289288590280854,2.3201146818588754,2.8425533161347003,2.3341122834575105
Sports News,5.181847456837872,6.519514998459822,3.8979652307929777,5.030707653778328,4.152714831047017,5.539124259684646,3.9275072889333336,4.956440786860892,3.2895438157331975,4.516448645151389,3.45452422640471,4.516601645211856,5.63459605324263,6.855810738997184,3.662207274129862
Transport,2.259169069896631,1.8393760758230764,1.8880246220684787,1.5539303293873088,1.4712164880307557,2.710103540912063,2.3344529893954875,2.5925175426094,2.5064296548003178,1.59918999465022,1.5763039902114566,1.4967728998546093,1.48444644254295,1.5404278183726223,1.4940575520176518
World of Warcraft,3.2345103899506915,3.84597358895727,3.513988990401508,3.4986301470858936,3.482834417366226,3.7071124862437745,3.168631665297614,3.8493791564141233,3.61543473761349,3.0832948428415503,2.93460660961331,3.8604611538104203,2.7810522967345457,3.837421856244398,3.4005311549773074
Blogging,2.9033369656376466,2.97997945094262,3.0751548066379355,2.897663890100114,2.7173013187877264,1.8815372228982004,1.6218158556302888,2.06998323518719,1.7676816409386027,2.1452461138287653,1.907562367501954,2.007798487674134,2.1841762445028006,2.2623700288273767,2.0233705629766456
Microsoft Skydrive,3.0507731667440323,3.144321953737399,3.353755879484522,4.1281783727174695,4.285354233788212,2.1283096138242956,1.5041925443288773,2.475288282380302,2.1761212085995694,2.8571608556208337,2.1941657965712706,2.008877604538222,2.1686343433293738,2.9934284620505314,2.2062595311608026
Finances,4.085074451884698,3.6076603159517733,3.588388001511649,3.7786405560348397,3.2701170708047966,1.5736915996918053,1.363751037209801,1.9466330693086056,1.4620640874268427,1.449932391730436,1.1074020479972824,1.6467838020352066,1.1282468968036776,1.5405202659046693,1.5719657939519243
Generic Weather,2.968217590461754,4.009102762819562,3.2894782091814494,3.1190257496426415,3.694421903288101,2.786339935888084,2.963705046592569,2.655520283204445,2.724488211184096,3.5513185547744124,3.1244097647772877,2.740047264593368,3.50459849762389,2.2359433509452438,2.46653130634091
Generic Mail ,1.3230131833091106,1.5570657623352167,1.449622063823321,1.4123462147507004,1.37767127319727,1.018133906899649,0.6468984561334814,0.6115544652880034,0.678832238687949,0.9435439766116283,0.6802522569420308,0.6222013992885137,0.9333018309456099,1.0314899222723777,0.6080797009765233
Adult Content,3.5333628366490606,3.596860692154792,3.2295049639692546,3.7277695614141715,3.744165281046454,2.616363785556105,2.7819905984289472,3.0571813185616272,2.946144357096023,3.3900072471376634,3.1011797592314387,2.9139923200202,3.0348956271443415,3.3854214733857497,3.1447209850426363
Gmail,1.2505890404006321,1.3562446744148808,1.2457876285376637,1.3824307049957465,1.3157760895804629,0.9683272183974383,0.9341029267200369,1.0533498924810232,0.9405899512952349,1.1175260199458543,1.1066913696666634,1.077786214882637,1.19620304959764,1.3284896940589144,0.8451337143753799
Microsoft Office,2.289684811907779,3.083684694377432,2.9871408599996934,2.8282628657965865,2.8331706452883747,2.887761095137935,2.496420785966796,3.059807313675105,2.628945143642861,3.4869551298429564,2.384601115131859,2.7501714139732703,3.3145299070825622,4.050771469976543,2.804929900251079
Apple,3.0944465257008624,4.781868158565091,3.2252244816730817,2.9499699475021877,2.2756379175126447,2.774054875356703,2.2785831571713544,1.9321460450220131,1.8760235050376486,3.064896623618422,2.091087928882455,1.8453039188129994,2.384595490914345,3.085419646190185,1.7013186863862628
Badoo,2.4177379604037688,2.808640480244473,2.2516956270295054,2.4112586664912996,2.3706661143373267,1.629466871527033,1.3404752965228994,1.5352208973982482,1.1903880285551878,1.9407549394938421,1.345952707574316,1.229908359286822,1.8276931690079197,2.039087852467364,1.5499761909068617
HTTP_GAMES,2.983625205458611,2.7116059496728355,2.2404105450537988,3.0339304303876364,2.2943386685677183,3.8439220602046498,2.656629084661541,3.009894504691751,2.726668160725368,3.157212770905126,2.3529237995371077,2.6678685371232245,2.3336673407616577,2.4219022145479565,1.883453904822439
RTMP Protocol Streaming,6.101128074840259,5.127865578063452,4.7700853076374505,4.85494233777125,5.177321055790441,3.876719336763323,3.1020127287515726,3.382352182942692,3.843050730663088,3.2803944435727908,3.0977261100925837,2.955802540141168,3.577863250901475,3.622391185496835,2.6615073400307794
EA Games,3.8323225789037765,4.1307155845453,3.9992102247655206,4.598787342362362,4.529108715854429,3.0563169618756807,3.2564019341913286,4.366836941287819,3.2073354677393593,3.6521563366388055,3.405941893456369,4.07873326994524,3.0622675885880555,4.006969303748842,3.652138894188341
Microsoft Sharepoint,1.9247439667895032,2.1553917758396217,1.6514183192638971,2.1523470072512554,2.1998229614156335,1.470092717807891,1.1299257309352007,1.4893388132613616,1.2417624914134973,1.6951358441056423,1.3276477523042858,1.6093634582115817,1.535980384877408,1.6512957338083452,1.3797108978756965
Pokemon GO,2.603292825255409,2.7546517244904214,3.0655241714724766,2.923766083389863,2.966080261716673,2.925942696246405,3.2305294166282694,3.4154749365493724,3.3716411541634375,2.489927009281478,2.6678832674547155,2.788132227608265,2.34946651719978,2.108846368248395,2.5061038370767044
GameLoft,2.9417593808999967,2.893184999235208,2.667104611077345,3.083296360550073,2.888680033131358,2.9461574489678934,2.929131050072856,2.962808359925198,3.4730452397425626,3.0184186673313316,2.8900843784111054,3.144717029264901,2.6200298725813345,2.8872855611140413,2.451686202578708
Institutional,3.6248640838544195,1.9494860244432841,2.3348711209356763,2.767258497011435,2.2531853053417588,4.329087977745685,2.8716659383689564,2.645445710662674,2.0909468752665243,3.413003781848202,2.3178247015953732,1.9086110484299295,2.4314608166979004,2.3594324680776664,1.7883931561725088
Tripadvisor,2.903944844209832,2.9329708150829457,3.549919395447367,3.416819783592316,3.5711457979369228,2.4432133175164767,2.5398616436872175,3.3914969727652515,2.4731437292197174,1.5232371308625297,1.4148420160718242,2.6070461394108477,1.938276448638431,2.536645421048806,2.6169615104386676
MegaUpload,2.859077550929326,3.118771808232643,3.046883173563574,3.64171416130009,3.4414566350013254,3.1907895703581306,3.093453338604398,3.2416152437288144,3.5794384353639033,3.409646105072105,3.1334840539268787,3.1720034017412573,2.8454613059827865,3.2701515648548023,2.617194686384797
ftp,3.673466364667502,4.50975579491337,3.4273200869272493,3.53653528149964,4.222263826599736,4.959361810458586,4.375149956504648,4.805964540602322,4.024914700412464,3.8067122379495757,3.522765646499606,3.42317728295382,3.754207410134562,3.979105201826153,3.879376719434463
riot games,2.9347562576107373,3.59948943353394,3.128530843185967,3.0814661431228423,3.5034638672877376,2.498454694750874,2.1236857932222732,2.842511630105167,2.597519857708689,2.5437908179960935,2.2606481798892726,1.7882000906999334,2.2612711388870097,2.5961252836358626,2.1875916250151493
Odnoklassniki,2.7434888010777634,3.3482800529944847,3.4229555591023755,4.274579551973987,4.4666249838314585,3.2825790482395547,2.8903847495589785,4.0411220940176795,3.706275968896688,4.083861777648154,3.3058900823622044,4.345192408903996,3.836249124768127,4.36920167012159,3.9270302534112584
TV,4.078710277290477,4.639691160915932,3.3520221736090052,3.054635714423258,3.6673023195967045,3.926385273947619,2.779442931348321,5.462178385563512,3.5395545050381294,4.4060673747422054,2.711267962325785,3.7415881659391634,3.938578258197128,5.562840991207955,3.9630523375558084
Yahoo Mail,1.1022293668467862,1.6383955837669664,1.1151723658175825,1.4115349733299822,1.0171179668220203,1.4564715459854212,0.911016590285064,1.1482500137056013,1.4722984330770912,1.0315977184453877,0.9744164589839098,0.8848397767718189,1.0995091823534398,1.2564587293184633,0.6788655191598543
Clash of Clans,2.7401388054786,3.149692298603692,2.398969240114092,3.644153264518963,3.259801579133389,2.162956140030783,2.164570159541034,2.4238766006273327,3.153310911704056,3.2219397586757137,3.5071554862754826,3.1858837197583383,2.7797040674094697,2.5097182256523083,2.0238529735621444
Radio,3.5123380777052597,3.781414969161336,3.554721756390243,3.978497586400085,3.6817284290477517,2.3609174352057787,1.7629872231246475,2.195488544263205,2.34735557010298,2.831841353434856,1.9833362391212894,2.4689134373659627,2.246041062792302,2.529994717362508,1.840195382986832
Google Docs,2.7567738198052694,2.5912156248483686,2.907137724843772,3.8590795676369805,4.017736794794863,1.9538340016692537,2.144909890417954,3.021799183047918,2.9430621655147666,2.116936543104451,2.5508910983166952,2.3708248112819934,2.0088293851734376,2.698430322536613,2.6899868136540754
Apple Siri,1.416634369089392,1.8256480733188394,1.8421068751168257,2.304918002151822,2.0792249071763313,1.2701682965492689,1.5426453207597663,1.9319110694615536,1.9735903042975125,1.6599502349934083,2.402306670997923,1.7950562545353184,1.7707639200192324,1.769024563530661,1.8153770897451365
FarmVille,2.3636058820982986,2.266510634626426,2.508188822807908,2.2128743167549763,2.384660766180667,1.5580170471310915,1.5228652490811099,2.2053994484488735,1.7326303794899907,1.8404409738425425,1.6242431160574442,1.8625095418233777,1.833606256579033,2.0735052179183295,2.0262185813278806
Orange Cloud,7.03049696164688,8.312695185605156,6.617025862866951,10.297468575781718,9.498272702333674,7.38914743892524,6.293194458121128,7.793539714383724,8.487268925982253,9.146509996033146,8.879668316617506,7.431908565149942,7.232353453273869,7.9777997923637365,8.055441574191422
Clips from miscellaneous domains,2.747397037723958,3.026269008374596,2.821848634571136,3.2655183536275048,3.086182557336254,2.750841813676694,2.863269000540446,3.0984920371103373,2.8206812558493066,3.1408133491779195,3.0442524047165347,3.5447608837349387,3.065931229708684,3.4252670332392414,3.0427687713122515
King com games,4.565389838851729,5.264331261697854,4.2706968718374645,4.995218490681169,8.719863522009248,4.832247079114887,3.140435193909314,7.040411753764429,3.4683337441854327,5.072676565415915,3.8049005721636795,7.705541465891438,4.091076100635559,8.232486424869613,8.091826090846297
Wikipedia,2.1946823487210256,2.126957860094213,1.5407381435585115,2.27947617094924,1.9504090430599095,1.6551182643457485,1.9077822486398832,2.14769740462012,2.1052315568126025,1.6304841006203157,1.6192399354037204,1.6582121037807547,1.8359131678468636,2.0061817933251493,1.409989157535776
MiniClip Games,4.180017385456213,3.2201091883733532,2.7878961380327714,3.224387489992108,5.329043931444308,3.1963588164824612,3.1221623936690754,3.2741959204050737,2.943627502578308,2.4948839616917073,2.625592945400202,3.3529811982153306,2.3660764342294924,3.765522817093283,3.874155353492543
Apple Mail,1.4282595627168084,1.861035128042129,1.3069688697232729,1.423094259494608,1.4053773302407189,1.6557840748542054,1.148556102284544,1.3996087001625321,1.258396324163793,1.6929857765738,1.2743173503441958,1.4820688625593421,1.5790576128500529,1.7761832762273337,1.1013090790697544
Microsoft App Store,2.4565833395560577,2.4346959899667024,2.3009383293775327,3.5117034350338447,3.3757433495599156,2.105525971578419,1.560187777878891,2.1118145386646625,2.537926053295057,3.1497360910938106,2.8865870822891457,2.237873302066749,1.9108045817232922,2.861604498720246,2.376215785692823
HTTP_FLV,4.951358709579475,5.440252663412567,5.1603595848322,4.977957842180225,4.465485985793902,4.494264841903501,3.409677071264399,3.497111752293552,3.59156231402157,4.312578666418695,3.250991777297894,3.2190080658053852,4.849097395356915,4.2749587775335725,2.9494469383630104
OpenVPN,4.10945968631722,4.27956835510313,4.0632551824923056,4.1643026690462115,4.066936874800495,1.376744242727427,0.9660205449328996,1.0608397328984964,1.0543477604950384,1.6875672891549818,1.24871567860371,1.1968438504287617,1.3285411015377961,1.6284581999358787,0.9919920262888708
Telegram,5.0088489183329665,5.231287765401504,4.783785148680431,5.100839054118375,5.3540896008107515,2.2346267788473657,2.248280385663322,2.8039911111429183,2.679370575262571,2.158496810323183,2.5421826909230987,2.0644864808231747,2.4036906767335133,2.417120385890325,2.486154834851007
Plex,5.756432436564817,5.678583461545339,5.5317508026709294,5.874681489977291,5.525840056489181,3.153246706861313,3.089874017521255,4.004485324747599,2.739030207811523,3.2424714399058474,3.2928715617509776,4.083418696179481,3.320693227540913,3.926957509367695,3.4141224156440098
Huawei,5.519215186047094,3.8929339892511376,5.829613037868584,5.1359945751638785,4.030545312095487,3.54415613924557,2.756506233995353,4.469226488459317,3.4351399345123483,3.577477314908057,2.6381595843079344,3.520801539762095,3.7761516891330977,2.6862338327919706,4.208915965135541
Samsung App Store,3.0931344560760206,3.795048855628357,4.130083499149932,2.5812660169864854,2.862017493212376,3.6664093013802135,3.50766724010647,3.133022138411693,3.1799679191781474,2.9478886358047913,2.986232767231044,1.5439109244202378,2.1304516659845802,2.734192887430675,2.685498526791673
Cooking,2.942208178770826,3.1092039690906565,2.8115394271899135,3.1428007416820614,2.9249912451769067,2.8077414255157276,2.0753940082685958,2.4232154973457263,2.5522748533105624,3.7536163766620345,1.9780236238445483,2.14999806230459,2.886565434596281,3.0460072486694725,1.7768917639202364
Skype,4.769364197176839,4.7116352793598635,4.482856022993891,4.759233916397849,4.466244244986846,2.0927138949580733,2.0165580741190747,2.6469321333701332,1.8561429000606144,1.937615010204251,1.76282087515605,2.1963285141643913,2.3275181580076922,3.063159529345961,2.1773482255775964
Uber,6.605292945933684,6.716689692605171,7.007670050029803,6.7890522044449035,6.532306252004962,2.220999166392981,2.2849515824462365,3.237544136872453,3.113354360750025,2.1042986043396406,3.2832005765477694,2.2477653382747556,2.9360718921768787,3.1643495892879985,3.481045225090194
Computer News,2.396181243468085,2.763875211661277,2.068691797937156,2.477154612968639,2.491309022161345,2.8709969425133353,2.4136231123709395,2.3446787162290934,2.8102771178438255,2.7572668733843244,2.537827714530976,2.8597875898809306,2.7965499799208247,3.069773919524413,2.485464310174793
Facebook Messenger,3.539585366826315,3.5968421587327226,4.096684337556698,3.338253689736867,3.663328421649191,2.0096784830088104,1.892222491322289,2.5348832836438837,2.0249634399318257,1.5269454076735685,2.0642483220095915,1.7578604157660165,2.1027953948120275,1.533028629776026,1.8286736432959974
Mappy,2.0057232028089995,1.9820408198222519,1.8770353088492577,2.0596863467628888,1.4099379984501832,1.807116426002109,1.5470090279992204,2.26030417738594,1.8903781652357108,1.8986168965169803,1.9865551536945532,1.983533083709729,1.7797543779316483,1.9871404602302967,1.9647777783392104
SSH,5.886950984669753,5.971647765919883,6.562382737901145,6.4991190634623015,6.804912817513481,4.757593610738521,3.290933969442383,4.296689910932755,4.392782020638113,5.081159670170748,4.074347485561531,4.340652651672717,5.185654142563575,5.277868031461453,3.7381286090951242
Generic Remote Surveillance,3.4603014909253615,3.509559609346237,2.781421716643055,3.6968184641854656,3.1333374499027897,4.105464055403614,3.2435803677755475,3.641375726486769,4.062843116121673,3.9812974973864232,3.5158491381096697,3.8076104749033695,3.1906921854663177,3.436938679646484,2.9078390561719973
Games,2.7502092803430975,3.637303370850046,3.3355155678766586,3.168630426145726,2.94658415919402,2.8645297013749804,2.6241531291511624,2.6493750117138175,2.6143000463015835,2.27865316161312,1.727875233976692,1.8697580586715428,2.260906675447788,2.38434965043708,1.9791273208407092
Playtika,3.0599175986164093,3.1316500872476705,2.7151801813018226,3.2115831042784038,3.003995907056952,2.57986013844931,2.4130140551542243,2.763072216266227,2.798119361297465,3.224168275046978,2.880884600170752,3.164304119406638,2.524720248370742,2.922890332744532,2.6360392009851297
Money-Stock,1.9751112742751327,2.047210458422443,1.9078093873732787,1.9063257892064578,1.6616612155991863,1.2197863128034778,1.084139527608081,1.1774915019968064,1.5946850847030143,1.8473232327465121,1.7235783001088065,1.3238571989277335,1.1834664792450358,1.3439454476441968,1.0643897559232633
Fornite,3.3648547202416603,2.989509373414236,3.0253937371778057,2.141652728533603,2.6981266943959077,1.753874385666338,1.8336386074365596,2.00296178514248,4.094217315704589,3.864040975825827,3.924932763871652,3.4936487636508016,1.4843300259141161,1.517412657654008,1.2840713848300147
Health WebSites,3.1348684487743586,3.1295343939776865,2.7827473556206566,3.270121913659648,3.4657431793201234,2.6768567106173067,2.5664364675266085,2.7585760314121037,3.007982024079889,2.618934780964675,2.9931600488428964,3.6255624776289945,2.822939857188176,3.399751891884263,3.0681903781122126
Page Jaunes,1.8865230866146587,1.6879192554460156,1.4037886182914439,1.7085029606775701,1.3333696903217562,1.556080968551035,1.3532027406347393,1.8283704850653948,1.5105118527698331,1.688108845897492,1.4368533545169886,1.5846882360315033,1.3699037328038999,1.5988061840188683,1.0762942591992042
iPhone VVM,1.4732850241521482,1.5987860155314753,1.4367116590208169,1.3219660127918698,1.0751234166369972,0.8961334886003224,0.565365034228414,1.2330065268077408,1.206954069580283,1.1293416751935663,1.1139559593524184,0.867920660871091,0.9039691666705413,1.2443671934486686,1.1250051594363109
WeChat,3.8740825519500675,4.209483965926232,4.351459407110787,3.9585633615730615,2.630173351368913,4.702073955974387,5.455920549866688,4.1308626591604405,6.37530233573404,6.587906298507783,7.426392660395917,5.398150692785795,3.124576076207326,4.527404993513933,4.333763404933545
Keep2Share,6.421033044213784,7.108093669296746,6.755589786529318,7.558433272877921,7.045715252866293,4.877439115398262,4.152336715383383,5.53561786842489,5.847049388292172,6.573792276419613,6.265612769937654,6.276248855621042,5.072589254618495,5.867980243184157,5.480759218793185
Airfrance,3.9489718528398234,4.696409619426141,3.9122368438509114,4.916135882101589,3.238199743505066,4.856737563799109,3.042164347499482,3.811976211222573,3.2630720006208045,5.050578825686794,3.2211401047975947,3.5581216128724322,3.994664206001695,4.6920435848469095,3.040311109200737
Tor,5.044705893631083,5.083210711232205,5.057669664231999,5.82981083568541,5.367321571000777,4.9110974791074815,4.366832175968279,4.725904102458983,4.874732593715544,5.837334855319461,4.6450639011819925,5.179743213867667,4.804370457001389,4.951073061254616,4.601958281470884
Synology,3.913954932125642,4.187913395049091,3.363799482741003,3.4765777345230675,3.99682112371521,3.2032408975954643,2.2778650122716226,3.2326434481227606,2.699738621222282,3.347995405355908,2.46560884479991,3.2769726044231198,3.0605364643464466,3.7976927435568553,3.186005312957355
9GAG,4.329461942475344,4.9238087347417085,4.227959914976017,4.700269789878824,5.22964163445184,4.299754167824056,3.6858869935005747,4.636490810112826,4.29453774401302,4.850702831040098,4.207839279374086,4.4561888714217535,4.513349287861422,5.157606839893244,4.845813698496947
Remote Camera,2.954440491026906,2.661395476872184,2.811872693039307,3.178645981349924,3.3669040553253295,2.4526240064317877,2.427656226577314,2.392606120420678,2.580835841671246,2.4874408617263533,2.3240120780373177,2.3322650644772596,2.245640007904218,2.48708893846621,2.6427359123170002
IONOS Mail,2.95321163387174,2.564660462929333,2.1905428226260515,2.6022648781699482,2.7599808266374573,3.4263502589530854,2.8385879459114105,3.5849623075319346,3.3303740341892443,3.1837418759218488,2.8060782930387136,2.863679347591698,2.766970341824066,3.1873605340085556,2.6839260172094583
Winamax poker,2.433338227137194,2.2860809149596917,2.398933250575388,2.159572534009905,2.7889650049106907,2.4743677884515782,1.8759168592119295,2.9146129487487578,2.222465657083439,2.3230183375990405,2.0633420118378716,2.3884984923513275,2.336069724664566,3.0421083178019437,2.983497732122007
Viber,3.0236781724649444,3.229407061049757,3.2428465991868336,2.876173542503232,2.6433129526169608,1.647181884203614,1.4336556169950734,2.1814117516423788,2.1152304246058242,2.1775916920565828,2.1579903129080544,2.1418324816238776,1.7388535921202024,2.4266792595417552,2.2797104996286057
Box.com,3.7132843241291424,5.198595110574052,4.12710055267164,4.071843417544799,4.018008584653301,3.465996639537906,3.163384035272494,3.523724440980411,3.0050699248266053,4.001996443642584,2.9813204127989588,3.88334330663955,3.648987050361075,4.509088245381531,3.5852955224550938
VPN DGA,5.000194758723094,6.240743533862852,4.519038695314374,3.658232124912112,4.901280221340722,5.199528382598921,1.7716542108324096,4.053682252306298,3.299119721122677,5.38065452007282,3.135287395119988,4.026235539503009,5.32355741558623,4.883146778914353,4.144085493532043
Disqus,2.344905340702997,2.197232711282093,1.9710171927445899,2.5463014465356086,2.569975604527818,2.588484980280601,2.025637702238259,2.177938443509985,2.5506007061222022,2.184921971898508,2.2471731898068237,1.8829462446074299,2.0002316932804463,2.3063945990474433,1.8234688486647228
Hubic,4.259376676304099,5.8441864805759645,5.8241979626420735,5.63924032498227,6.070325599090041,5.4240491635924455,6.598220812931214,6.3342643566640735,5.299232201533541,5.79421153220324,6.763206829044041,7.211358631915421,6.779428694376212,7.20146721475607,6.451333681260973
MineCraft,2.834493531488415,2.687047168590593,2.7788010159299943,2.8433896634630624,2.930838222065018,2.1939309495893733,2.270398132141782,2.5729529588490667,3.0220987624855087,2.9384528492601207,2.8860953208949955,2.9053585761978757,2.1873758670281505,2.4111304789812174,1.9943295336238485
Shazam,2.09304335357321,2.0975032174144217,3.665691933624909,2.3279128762676686,1.7189913923155937,2.233456638087628,4.090774449059962,2.5867268323400734,2.741158734031978,2.464523125241645,2.951031451828796,1.9334660451687984,3.15957367969974,2.2966461153696818,3.2595243381693337
Flipboard,2.5405212255871956,2.769927623625095,2.6176182794816185,2.490307264845487,2.4343970730839217,2.139309139454069,2.0774014013994857,2.1193788633514536,2.5255905305680986,2.529403299558732,2.2910336055299503,2.5012670942739956,1.972019058385111,2.169415559606078,1.9762209823736574
CanalPlus,6.7635204166674585,6.875355218050299,8.012705504449999,7.967721692221021,8.068683418721527,0.7029499501200781,5.076479994476011,5.352297291796273,5.254141430983006,5.298091557597137,0.6645655428833478,0.6164485619276506,5.100498474504019,5.36099006601371,0.7263230389123809
TeamViewer,3.103140557505269,3.1345893167187295,3.014263325878105,3.35267529135922,3.8432586218300306,2.8508525144794032,2.135475089539825,3.0358963504977474,2.9087721747800237,3.520275666213318,2.7477071982155787,3.178902696743333,2.6531284172733933,3.5319435968128623,2.8256625894122718
KikKik,4.2445724379945515,5.181000718551102,3.5387503733088757,3.837417759402501,5.167696593422363,4.924429388435926,4.054606617863501,5.4831213035226725,4.721298660880742,4.79435295246358,4.164170821041439,5.141796223405509,4.75378902868432,5.000248928234346,4.704994502645564
OVH OverTheBox,4.774953619652362,6.021721402821669,4.919685522770384,5.031343286801298,4.908260989116633,5.59009188837143,4.655309758906337,5.4329119132904085,5.063638860489425,5.457831913435112,4.647599181601726,4.837802641782727,5.7199936196234225,5.8397157677323905,4.126978662975704
Battle.net,3.0012155105205367,3.8896896514403347,3.1100326042721957,2.8147458026573924,2.7001506721377155,3.2764598174086856,2.8525400041591644,2.5118942066946195,2.7253195158829486,2.1810192340881738,1.9874644869289293,2.4919927039408045,2.2850369700740782,3.1741113459707346,2.328236284173207
IMO,4.058094780136583,4.7441594540879946,3.2403798734601237,3.14852444089746,3.447678217837493,3.1966161747689434,2.721790486053817,3.297013360672159,3.12208096181391,3.525858999737112,2.9403080461298923,2.997730136323503,3.0715504259438124,3.405243375563883,2.8176132345450533
BackBlaze,5.374216301547661,6.245104423145178,5.3133907094229995,5.860205933108679,5.754154795902977,5.214927357572666,5.107111735239659,4.871405157726758,5.702837353172657,5.893253343220604,5.761071484446373,6.066832189466462,5.4583958900874645,5.300106850892564,4.4242430535691595
Borland,3.190612549744166,3.0762538791041236,2.9550096311201446,2.8211337101452334,2.863067029301979,2.803608708846939,1.914390672736085,2.3877848473913756,2.4940812420773177,2.6271705011359443,2.154491430272768,2.729173443067286,2.5964469771802507,3.243781922560333,2.1673330778008655
LiveRadio ,4.990604578091137,5.685720146761448,5.1795888627837625,5.242343877843731,5.396440113095069,3.6330502051006572,3.1484350593840547,3.921310933315195,3.4461503542903884,4.002314127630595,3.2478352489581126,3.509793663396807,3.2875620540362323,4.5047806270972295,3.63309016368434
Apple Maps,3.2965772819771604,3.2582730857333697,2.696780201922551,3.408551406232219,3.0658859756105556,3.6220520178868503,3.4394106248127607,3.928155619855576,3.502560947166967,3.003662753946986,3.155490025269297,3.4217055085495875,3.1288454948736906,3.495884005303834,3.149091368689707
Mail.ru,5.1286259364612725,5.519877643036296,4.931250633940045,5.849519020651856,5.689910734783928,4.600400991336177,4.310672228851161,4.894170585484239,4.433778703099266,4.62591575929663,4.454755766977194,4.321886735864731,4.416375377375848,4.618720763570522,4.335057728662507
IMVU,2.788538025608169,3.023171469417699,2.452584480920546,3.050800728730626,3.1560839766219035,2.8601380481756107,2.6656965409363242,3.2659086719457826,3.4228595279250946,3.1723716311790096,2.9938206935131513,3.3655280090441564,2.8635506120863172,3.4800028827288068,3.168861560615676
Salesforce,2.52164307338056,2.6669172498611022,1.9849635099741507,2.2286323262900276,2.4136084661506865,2.53311842427783,2.1761294165222003,2.2744828594733737,2.35864527145118,2.592536849082122,1.8878485664783589,1.7194324077795566,2.3756931624818627,2.3812114530459487,1.7587813796600869
XBOX,5.123443076748783,5.511812264153192,5.358674040046941,5.705423579604472,5.778206271942458,1.8141484308877764,2.1993886657079766,2.996346587487871,1.9035162486274688,1.4458001238516198,1.8268548532990978,2.172186486937612,1.8506242793237122,2.2833521408599995,2.2967379806319683
Jabber,3.01422930710143,3.0277876804532378,2.969565958445578,2.850925322161608,2.921348243852263,1.915172366156321,1.7708996339312049,1.9583309958761341,2.1476691374937706,1.9872077166645683,2.0556605330461393,2.344575180268682,1.6528489615366013,1.832894702253232,1.281569465627118
Generic P2P ,5.7020483866210405,4.928902749816999,4.9291089156610965,4.705760225338809,4.9844176847892,2.3722853811184774,2.905299391466456,3.390993297976596,2.6078012513048088,2.6331227004212696,3.1064660650381515,2.8895026522169482,3.032707207622602,3.6299518240887942,3.2965819054365584
emule,5.293031828170772,5.902961594853386,5.655863069611832,5.153519560291482,6.183938018956983,5.261455693339289,3.5065525356352016,5.650063760909134,4.734353121778073,5.42080563594266,4.779879537381131,5.909908635063453,5.358749606250672,6.237690985454494,6.0321502848963
SmartFoxServer2X,3.371091963948442,3.7322528100065244,3.348960116454296,3.636979863162935,3.413681802746885,2.6397053911304487,1.5089152376396189,2.120830786916036,2.3242153778298604,2.651195413049069,2.2748786060747688,2.489745943145224,2.664018268636359,2.7333666413250985,2.0985054622689785
mydlink,4.1209081528316736,4.259251961270952,3.0360764472311166,4.673593970169691,4.565169661644586,3.884114212671893,3.987914949773071,4.909582490821835,4.685983006372267,4.979547178600649,4.507653954608374,5.1979456121157925,4.140308961403014,5.123599140782794,4.906109949164826
Second Life,5.227778873209073,5.860824829261019,4.976347493391647,5.199588871974253,5.817596220390653,5.108813701442004,4.400981457003564,5.351115502145764,5.011126962289076,5.4514578825305975,3.877818306708979,4.384497058268942,5.20784558488359,5.337921752334878,4.249089595925989
Microsoft,2.4926103705748726,2.6246939840458228,2.309746735066728,3.5934677223567335,3.2952904211808187,2.048682987798725,1.7226706980900892,2.3989053465488186,3.0908926438095823,3.291175487912375,3.1126013156978574,3.0128595920938523,1.652233632660132,2.8091926084071974,2.286437750673374
Last Empire War Z,5.2745949343917005,5.650547316458159,5.164814432317248,5.226115897596622,4.873276270265516,3.2724088138929743,3.583202570491922,3.4606534822268498,3.659824679165074,2.981001482941389,2.8802640470874694,2.8994559071847266,3.4865818708879615,3.1065743766361793,2.886202851803106
Foursquare,2.6624968945945033,2.0160251468479586,1.967011584338724,2.1273085091554,2.0644081168785977,3.3162122562278262,3.187491091234772,3.2550851001741083,3.232657986598856,1.8833865780124777,1.5797487011598617,2.2206299208201723,1.6891616166852197,2.257508746639022,2.024419216050973
OODrive,5.607982266845439,8.005695770082786,5.6241145354592295,6.325653017718642,6.451637248371028,7.661759115965382,5.206662933477559,6.1176135878865825,5.947377818931144,7.841656189830984,5.4820550095620915,6.313903951716701,7.57239229395453,7.953560941918451,5.880522309859499
FunPlus Games,4.254421521767832,4.375650857244117,3.9446613914133684,3.8780457650276126,4.125516285851069,2.0082773999882675,2.2315887436512165,3.4591813154194977,3.3605526359205733,3.554037026601733,3.398719332158896,2.5479434707520836,2.295942622883899,3.7749287129457874,3.4799190163079743
SugarSync,6.7322763676164294,8.85738981771709,6.387143481549368,7.151100428961604,6.376041725585923,8.213073846197256,5.7355330194933165,5.910389330197259,7.120192233248268,7.7460107534254545,6.989741412323332,7.282520206120736,7.05754138184014,8.406720736064809,6.76278072423054
Anaveo,4.370884932003627,4.849965674003492,4.174608754219522,6.065040623436176,4.0371005038382535,4.781016705927473,3.5281354175490227,4.139265290848977,5.306954559930864,5.176254651586098,4.993890383359751,5.298740064426386,4.408232618070455,4.482611777288525,4.457484293322389
Tango,9.450487576836514,9.114094464661909,9.078955011446743,9.28866120275174,9.109051572734645,3.1017884396275988,1.976804150175616,3.003390746262315,2.1837318552256737,3.3513937083863308,2.1630434365079165,2.638238240984053,3.144451009185467,3.338411910359671,2.582048666962261
Zynga Poker,5.629723202612367,6.581851563795171,6.1961130417949235,7.0847843351543185,6.692790697689331,6.278860293494851,5.8674628270409155,6.016124145864726,4.941018779974508,5.895745238530518,4.903987103614321,6.695832240194321,6.570604166101165,5.906637088399035,7.220073889388956
Clash of Kings,5.060888582684345,5.438821336180921,4.412395877150563,5.390247150617707,5.61749320436483,5.60118796843059,4.946479676203721,5.945676725373649,5.931556654478989,5.990077773118391,5.230029674529734,6.382465138561266,5.553259740264472,6.023317587658913,6.140086952281319
Evernote,3.5144731169844965,5.300413358472866,3.880710872433078,3.889247702428293,5.618417052729421,5.518606079660309,4.128995028485471,6.173135304550509,4.245486694222389,5.361046431003095,4.1875437913040034,4.551070589526748,5.202863266600489,7.6625845394445395,5.059954878319196
We Heart It,3.4714704288289524,4.234492627140311,2.987154074665935,3.9621453752055933,4.792749811871936,4.466597826096462,3.3773868335112587,4.759742189878907,4.363861634997952,4.398445869577654,4.01674342505893,5.186970514687056,3.9899668461646938,5.250575345611311,4.67754780466718
e-donkey,6.593457292088307,5.829435218020323,5.977173191353606,5.860320143602779,5.771020631467546,3.845095397827557,2.85150280085871,3.987333887910888,3.74595592775882,3.9130226064580405,3.2771273406807677,3.8021381171634814,3.522898862565571,3.866450447315034,3.4039732208473743
Strava,4.330995369335756,3.9336415113459218,3.9681307418002385,4.035178871720835,4.182132561332011,2.014716647217673,1.7563415131362958,2.1787371665801887,2.4297447952507065,2.5265449922389007,1.9330070894921199,2.138014520277028,2.15909514994735,2.4279103260907746,2.056263642385179
Games using port 8088,2.953008167943381,4.416813697967065,3.3350074250769093,2.7918823081583017,2.542611928231922,2.5206052003189128,2.038357410382595,3.4869423358323464,2.7567310846038144,3.272165575496832,2.4700162018549032,3.7164162660262425,2.148688362696921,4.747214456809349,3.8521777887069844
League Of Legend,5.813414859780411,6.290673699986675,5.943962929482837,6.104304397102223,5.685824357108547,3.132727615669693,2.173150591338043,2.4653168420901874,2.023242437422681,2.8338853262645514,1.8878802625913447,2.0388262161141486,3.014199052679511,3.096120773391528,1.9022448810895465
Microsoft Store,3.4626180329827254,3.809734214379926,3.7054235586359128,2.684891200651905,3.6830344218307336,3.6051393464722556,2.9992316022138246,3.4321725417664073,3.341304382685074,3.1662747938573457,3.661960723410663,3.14091313983607,3.8318419115840636,4.093548240509182,3.1108726954074073
DoubleUCasino,6.3337271091436245,6.956253983100546,6.054309508815075,5.920130092811009,5.706436957511793,4.876096417476214,3.6810461432517436,4.855359873874676,4.790525646306192,5.628278191893785,4.181375439623194,4.149974487821045,5.052618726293486,5.2707605196511,4.377389518885554
Coyote,5.12610466920019,4.99204996876788,9.693031478396755,7.6157005114023715,4.186265642099784,5.214303991519231,8.940914246832762,5.077366729915711,6.7231190951328825,6.776845201685869,3.5113266276668935,6.721023373998319,10.323752272853966,2.765597517748118,10.214466561410166
Shahid,7.95975099823953,8.82432038375317,8.29539459325941,8.597383255143649,9.981217597030144,6.125519869685314,4.86884361293781,7.305518949218241,5.101838771905648,7.451692428930421,4.340391479837058,7.649634447101277,6.4288757588565035,8.99031022746817,7.283151883408488
NDrive,9.525986347423476,8.71858629520084,10.280707118853696,8.741549468960045,8.676158380643209,8.764803420404903,9.296066087781671,9.3323137039665,8.074509819273512,8.08081304072941,9.201668632707083,8.08855940731689,9.540770659525517,8.405780606920846,8.842149800075681
Orange Finance,2.597602613306655,2.8454805192745463,2.4044004772699004,2.501153482895856,2.3992821207798674,2.890183742864073,2.274354126118215,2.61035791604386,3.3134612510922508,2.8589779200339507,2.638811430344595,2.3358743978458456,2.7934840274387316,2.762179071459318,2.428711594565192
QQ,7.470501013561018,7.341074088711164,7.607053621507561,7.355677134242663,7.250913554202834,2.2701503321910517,2.257789658435405,3.2941596700179434,2.8074628903178707,2.776652667928985,2.6894027361249346,2.6956433149456953,2.2701575425798155,2.845086207230115,2.730380001658965
Yandex,7.145527132801845,7.855384468093976,6.699079378522561,7.770587035308044,7.654691752401082,8.274079035717403,7.230497588986509,7.2664648895429655,8.336178044448639,7.018788529627465,7.95839602326283,8.189409303424233,8.714357622678104,9.295049269769427,7.137983980557503
Microsoft DB,3.3091485246369867,6.2852167623163675,4.424006245809847,5.607360422856028,3.9472699715861546,5.893725542501304,3.9272833256537574,4.109988376790881,5.4586426691126855,6.912810415675379,5.463351290556292,4.539369452510586,5.472490354170554,6.274356798096543,4.809798485338362
500px,5.03768963658094,5.192980704635666,4.020259446054442,6.887939247766581,5.477851911605713,5.078877153975614,5.133275668657633,6.001159139941252,6.951293057527353,7.25069936139813,7.14148199758363,6.950593448193883,5.14975456780558,5.57821363428083,5.266679800103689
PMU Live,5.38400749648379,4.940785883720655,4.417446003129013,4.843749141204001,6.714953801111093,4.29158142321645,3.3454702581043825,5.510849829153311,4.140963435032706,4.462938602295069,2.886160638516043,4.8357020404643105,4.338248106810076,6.033719456011746,5.394205143648064
VNC,5.663164332000853,6.304653691397995,5.560941347084556,7.086574742311595,7.028096353011319,6.030509491975941,4.707273950612316,6.287176646604639,5.864192849775827,7.397085768394718,6.271807232656874,6.876226104726684,6.017088708008878,6.8529545690968225,6.709485042792276
Garmin Connect,2.4861704711794745,2.0621770013967122,2.376535738120563,2.41347737666368,2.156324632889502,2.278078720075616,2.065343135228662,2.353684597138942,3.123968627094203,2.6587532109965206,2.3689794069561723,2.4467045209194285,2.1189190752854103,2.322024763921066,2.0582060021419255
SuperCam Plus,8.458246754558035,8.427496786385358,7.009578534025246,6.087478520407665,8.42745366479907,8.436084426593982,6.8615701423737585,7.795993968928689,7.138881655616072,7.732909686173765,5.092335358114189,7.2268620073896646,8.347712233393413,7.050772668135701,7.202874961915843
NetMarble Games,3.0346918000311636,3.913217921420168,2.7077744290105685,3.445683436241345,3.483503768200384,3.6200032512516858,2.9832927099341155,3.511701975054286,3.0369951969447313,4.042730557878704,3.3912788286124154,3.5985582835703602,3.5337089054705952,3.9663654261750616,3.3378590154143115
SIP,4.471669021244211,3.7214263058716983,3.596740582067067,3.074519017487663,3.0547763070777623,2.8079369667831977,2.59057821545685,3.7778642008139407,3.4461427089201893,2.7146145280070555,2.114043212318474,2.3180239322087735,2.271488171138654,3.016001004910877,2.493529998305493
NCSoft Game,3.3209566145361875,3.538246381073728,3.169057161331346,4.34246088938125,4.114527547271717,3.2820477520857416,2.847531639316001,3.712459201029486,4.328418119654131,3.8276449960318626,3.7517188617837642,3.308614084995255,2.9909625517073173,3.487490001275721,3.248687924631645
Google Assistant,1.2661708758647094,1.4630621304803861,1.5091779824532923,1.9480432187546262,2.0562151956228014,1.4693182254528805,1.5032918967017526,2.5668493437900715,2.0147483670014616,1.96052644312019,1.5558962409121488,2.8397264731082323,1.559988788205791,2.5723719576867743,2.409206221464666
Kiloo games,6.917016400977338,9.612515809508091,8.902351518834593,11.050311580376423,10.046170137978004,4.891994817589946,5.769300155630382,4.872454589170565,5.107615858975463,2.494016672688825,7.420666814960411,3.1057043692534374,7.6506142595174245,3.2032475144002586,6.2512514858696875
Vine,5.535128274744982,6.055835059395473,4.648494477722691,7.209945797098038,7.173216993020613,6.827468548865879,6.080277424447382,7.301538805578571,7.378431178705036,6.903847783919201,6.506699167717288,7.391587431606502,5.998271113415621,6.7686737521528615,6.777012506395378
Destiny,3.0709117332623395,3.3258614309866106,2.9647942768101716,3.0351390756295498,3.35904221061317,2.086095657532694,2.3297860818732428,2.5437672300788483,2.132218172902182,2.269696543517355,2.1947709849378554,2.424484117851902,2.3142922135971835,2.3764962227841018,2.290710322794663
Skinny ,7.644874298374278,8.390842578399562,5.871289087416633,7.689862683416357,6.76939645939169,7.958017620553655,6.75313357714263,7.904903092796407,8.077586855118266,7.716334137714476,7.816195166688232,7.577663206263163,7.3388414210333215,6.837131124611592,7.49731264241147
CiscoVPN,9.122697043269666,8.97376008082283,9.11770198326195,9.12500258193591,9.150189021975779,1.779906282367507,1.0654759559398528,2.6132630588230477,1.3247261513728337,1.7095478877722268,1.1056876837282628,2.028694613700178,1.623929961831812,2.9072832767713437,2.317696600842625
Oracle DB,5.368431093754207,6.841996936270789,5.962497375866458,6.978010993955556,7.72066470659302,5.788642683849805,4.406601515332901,5.753245942577821,4.902771679954811,6.496130266735773,6.178269126699535,7.036640055105245,5.7679732209904335,6.415903097593488,6.45830856286846
Tunein Radio,3.4340050438350063,4.23365663642603,3.7549060221097426,5.411250763047072,4.737735437204029,2.8309311407082274,2.329310647518883,3.9603917304558687,4.145164372422488,3.491572400584484,3.859004957849043,2.805589137937713,2.7409287694843205,3.219769574637812,3.6633878238664495
Postgre DB,6.541043798406789,7.460968353258189,5.36118310046843,9.26522565678617,7.235227745952991,5.976874176505524,5.4198920773245804,7.15836879060682,7.4381465728211,5.964265193332458,7.083189462664473,7.902565916214401,6.299719649621656,7.446477776248124,6.616978487513196
Com2us Games,3.989582058767473,4.269315916790015,3.6098849927931824,3.9127239972402084,4.062156693014576,2.461667778988716,2.213419745175698,2.775451448060099,3.4929471014328453,3.180599029526417,2.7642203594348316,3.083194908513316,2.189402403370785,2.4722389176787973,2.2731292472501226
AzarLive,3.743040120180071,4.097813887386181,4.091335132065601,5.086800330550256,4.43408170628286,3.517543307667786,3.3988299827833295,3.830226142528193,3.9340961642231274,3.721192418311447,3.499419407690621,3.5158864632837674,3.0760902385488786,3.268562392210102,3.320046250236803
Youku,8.219416028564845,9.117323318566044,6.315023695977264,7.7812998857125875,8.739731748261857,9.442205554395786,8.856554741924576,8.43712026449537,9.476717228608775,9.599290330101459,8.131450924490917,7.639679976914432,8.951947675301716,8.052183420747042,8.679190084592436
Adaptive streaming F4F,8.52501843858858,13.140751552214425,inf,inf,inf,6.487888322348385,inf,inf,inf,inf,0.0,0.0,inf,inf,0.0
Kama Games,2.6351533920408703,2.9865826288464437,2.8433467205750316,2.7371554553521484,2.610227125727417,2.557404510759255,2.0045929791681956,2.3941112177625934,2.154032859249434,2.3790295703534143,2.4765123702188174,2.4231773487619557,2.505404137772605,2.8999501952206233,2.313027621366519
Radioline,2.9560812499576943,3.70637791601057,2.589464595144232,3.9121126041970955,3.5846347965107404,3.0878450857533104,2.302464975035743,3.195139919391139,2.9104081556223416,3.5281098141789204,3.03019329304893,2.8538545857119217,3.138309880528751,3.5886457403822467,2.8610410992292006
Acronis,10.432193101947538,8.90076983174209,10.165163265471802,9.731813873700215,9.733108347084576,7.675804001788906,6.825511335410595,7.707242333856733,7.3672923121357865,6.663215398303575,5.740303759728401,5.664541217148853,7.487326074401594,7.660573951233149,5.303905758007718
StreamRoot,4.767086389022347,4.742444358269725,5.144255604709761,7.484145889619144,7.59501883597123,2.479732327348278,2.3991840376393787,4.841201001020953,4.389124781849556,4.765722434372659,4.0463830128672935,1.955404627090907,2.4061001247260108,4.980957900375844,4.454851930664978
Young Joy Games,3.2429928079550057,3.9313176162741943,3.4622894689780397,3.310184960865242,2.93528138907915,2.082022420747666,1.686792072939986,2.30725779689204,2.036209119208713,2.2830046068976944,2.036290200364039,2.2124163519733715,2.1042824398716764,2.7865967177742164,2.3253061414320944
Jango Radio,8.22652728714824,7.6666040010746235,7.718787115832132,7.075454751332712,5.687970000382367,8.138863622339944,7.065868353475339,8.170203054367924,7.466967160034808,7.534694065736021,6.556850874368449,7.0620249434337525,7.843996445151285,7.2320143855866785,7.761303033806573
Filerio,7.848476935827384,7.348404589137023,7.748017438085044,8.144956536274178,6.305246281645116,8.691934790273844,10.029726585284553,6.924268126178973,4.777724831067939,7.08302744436625,9.927527229664037,5.542379571022385,7.070664781398885,5.677695867586538,8.239585779459857
Mobile Iron,4.15525311003463,3.8279846762301597,3.3607452142884027,3.8777633798605167,4.069616291772877,4.173725783992915,3.3434642069239096,4.087923084087,3.9441799431105555,4.094171787793682,3.4998768408618766,4.600692370827565,3.4854893831098863,3.8001826316156655,3.636284199052747
Feedly,3.0413710953545836,3.297229137138431,2.8212052968257475,3.5291449373391317,3.1013092088989236,2.5333810847831746,2.671261756051271,2.838283362398888,3.020949584700645,3.281132494203127,2.936052576719803,3.020759885321733,2.7803988597143947,3.7048409934038613,2.9159547684350717
Line ,4.689863096409009,4.9953886542454535,4.556024859374111,4.639468845389577,4.63655683532888,4.613595696483501,3.7051041751397267,4.464769792093381,3.7559769694489322,4.15391082402373,2.7231338785943757,3.138872515665802,4.652035366539864,4.423381342459244,3.640523561358176
PokerStars,4.289415862644248,5.076381170980349,3.161655110881641,3.3570137158782254,3.2950067507784846,5.802897903229513,3.623497026375222,4.361668488953032,4.131880400359896,5.339260569823676,3.1802347274430973,3.1081820239479803,5.1359855081119985,5.342181473464615,3.0815424420037107
Line,1.9584142946587606,1.9009657323681766,2.041298842324554,2.3314514245281273,4.377334663209222,1.4255129473290178,1.8921467129086118,3.695602211036635,1.9742346145947247,1.8941109361705057,2.0023431972001293,4.062517593769182,1.8702907134517404,3.857775631748308,3.918979859746465
Voxer,5.5218650780982586,5.376236603679341,4.716928176950548,6.324707435424878,5.970442503599874,5.043886992352889,5.3325842963593475,6.757628447430146,5.969223689002884,6.4772660645059945,6.344618225185529,7.593687612667501,5.311102257308172,6.717804193555911,5.864795167355675
IM,5.29359461336459,5.206653303725475,3.604168013319934,3.5856894538668684,3.482022433471848,4.91623904153965,4.395526675346217,5.130441784428802,5.0541853238831145,4.62636414106601,3.5243290940328285,3.6399584470751107,4.36366745750355,4.80535116175841,3.789474872678292
Peak games,3.357775350143844,3.8011692079536386,3.5110220851624807,4.331082456125191,3.7011013932317054,1.8989346467049717,1.8303218625568305,3.1912734803802802,3.4244606445906403,3.499861073527946,3.0635632656178906,2.6122211224348524,2.2316725436484024,3.255447845728826,2.9310443259253107
YesMessenger,7.646247380831498,6.621320482034356,9.520326165897298,9.227071163126727,9.997703825559418,5.275490463389491,5.936277358596671,7.455223776263822,7.05188646177206,6.876413177317901,7.15161229835738,7.166932565745695,6.727502581824454,7.689088726977666,6.886204996338217
AngryWords (Apalabrados),3.705021340587606,4.320736281747576,3.648340443918398,3.9100261297682555,4.261697906676366,4.155726293378105,3.565211447487037,4.09262019964104,4.264273505289091,4.272084899599587,4.144706443210477,4.67580102868575,4.402053275755107,4.796933625524695,3.946036585896023
Blackberry,9.697358548607877,11.099113569993712,10.141171188821524,11.555199830017857,11.013775208784114,4.9807720416363575,5.333225194421379,4.826384008791071,4.893273006809089,4.207719443859803,6.923674041434718,5.021330429680451,5.602155638758341,3.73326759324956,4.119922473386052
SIPS,4.409852700525171,4.974763060857149,4.532534123757059,4.377559151382261,4.626543020117172,3.043514459154391,1.8110914836222836,2.4132679072927927,2.3264146801115038,2.8903624145371407,2.3283417519578724,2.747180963521755,3.275499987300038,3.752802407860174,2.348798944112204
Filetopia,6.423897785476747,9.965546582055627,7.372502112791312,8.541452771979355,8.154256505796997,10.250494821239254,6.913030567926871,7.749542273527831,8.357185719551618,11.235034242871043,9.592749122476826,9.906368745043752,10.136250470559887,10.384746618575726,7.31797939853544
TripleFun Games,3.6212280357143345,4.360658035579682,2.9287430151120177,3.373928699806029,3.5455381060299276,3.9903647072193644,3.1188032356756836,3.6434328024982054,3.714350223500218,4.852067327520779,3.383327061044352,3.4865769832109303,4.486874141421991,4.702488355170708,3.5433653739322364
EasyNewsVPN,8.72854493592142,7.931345075906214,9.348548087449387,3.830243408710442,7.377056050447065,6.366870999484343,7.874283170626939,7.00821456266288,8.498707686336045,7.433449066436185,8.315510210112587,7.511315725814095,6.1800805536193115,7.217039683072203,7.097670322173202
Seed Box,9.862369820932091,7.61090750131589,10.681692925222647,7.447039872525103,7.9458898340321,5.360483550095305,4.904329347829164,5.018054218083862,6.276546719948293,3.142035631699851,5.629256731906238,3.4294583570320802,6.1953048600110465,1.9417632336697697,5.287131226675201
Apple Navigation,12.288629751604596,9.762319339404135,12.085440409604773,11.403455848080215,12.923612982636682,5.432021842509466,4.88737732502215,5.666600010415531,4.628083028955527,3.915484665559964,3.9341457336658423,3.0251117569015533,5.193551173336555,5.360318127430663,3.1671645598536227
Citrix,4.268809645935975,4.8060463395773105,4.706655631288284,4.594045760298449,4.935073132076331,2.6973102145824974,2.2950523917364443,3.141010684906807,2.958507605320388,2.9048723304397885,2.14117151446978,2.2530914771617776,2.4921432828235037,2.9354248773037086,2.4242719407535263
Exoty Games,3.709052687729076,3.307037629621306,3.103845122691833,3.21895676562996,3.066247078693198,2.930945340466629,3.0724414972919027,3.430254352786532,2.727729072207665,2.536972070902393,2.1006219043338885,2.3339446223562956,2.4675599059589572,2.6731836005837315,2.6177287569297074
Pyramid Solitaire Saga,5.6790111073539915,7.71419463946813,6.108583579920743,7.468113572770997,8.022791417640972,7.315087895360322,5.604639980535217,7.361909727436244,6.5784513559906665,7.414690739523045,6.216575293884748,6.929036947371517,6.968216256966016,7.452093571842467,6.7113246699817015
Playshoo poker,4.099889975862622,4.128357437772626,4.2910570085905055,4.339177178284997,3.9831264423494477,3.5079047999017376,3.668902919940804,4.015933982790948,4.344330741657159,4.195564138045027,3.6213692326405265,4.02739503967243,3.2424211509612535,4.058098754354378,3.3677460190098563
Microsoft Media Server,9.40550890698831,10.04027384549725,9.050725344181068,8.962833421258008,9.87786589600964,8.89477758277037,8.54366099085721,5.564289688167397,7.046264586449427,8.968406249139903,9.475563310898258,6.7765205908984925,9.732771893734595,8.978620134166945,9.043188199021946
Orange,1.9522369749008381,1.9649679864611385,1.6312285185442827,1.9360347052405373,1.6990768624931007,1.7439934733066993,1.474765550626848,1.659403961867292,1.30626358004298,1.5957503555945414,1.3978462498071282,1.5081610145252222,1.5588539612241303,1.7662844055391829,1.1765074838748553
Bubble Witch Saga 2,10.948222443590586,10.275432462231713,8.424635890888567,8.581330937925568,7.810237595786437,8.644891918828302,8.444725587346436,9.13923533692871,8.960593178953475,9.033200312481558,8.226421557718433,8.219243800437063,8.781753910824321,9.141060247576453,7.383053490223265
Google Hangouts,7.33790263181866,8.368802281904438,7.920274544092972,8.366536431271685,8.29897358626025,2.111332374278983,1.5567732547286748,2.3015907225976497,2.016689765504297,2.341941322594893,1.7011180744885874,1.6278592180487281,1.920379258765327,2.780392851001521,1.6054360755452315
Psiphon,8.180606780656127,8.390429645072146,8.707152655478733,7.918230814671086,9.022559182855947,8.4263850610356,8.51823248599856,8.947815574272292,7.666911346330231,8.366599770758503,8.340288829530303,8.145716234850632,8.659301464316101,8.292751149414386,9.185706402373603
iBelote,4.250639415278559,4.728181218869305,4.015985201449341,5.438042369739862,4.973150999106938,4.2675742229623745,3.876650099860792,4.972359036103515,5.383460746493915,4.994342179460316,5.4585734396080605,5.0877144114079025,4.618663219496794,4.410709217011887,4.566389199199822
Amazon Prime Video,11.668077648924433,12.557017287240408,10.414975829479388,12.33847589341279,12.706538460616148,6.278621032608963,5.654002389180434,6.369191474323592,5.929852712905756,6.5748805287694605,5.685071745927981,6.833504815475441,6.602119421349017,5.840065750532733,6.565093166988728
Kingdom of Camelot,6.745212930827262,6.820986496440392,6.057176336121542,7.657510404322876,8.092778944170606,6.572862259806268,6.128293127024762,7.536496152976103,7.745937652498884,6.689181107439815,6.458615736812964,7.18479464241548,6.235176675733762,7.269287735140605,7.279976982725738
Goa Games,8.385666717314344,7.992366776943869,7.893409361406837,7.3836057388968515,7.415796626289842,6.887253339937537,6.936130128783147,7.142243388825561,8.233639410103796,8.123526227070636,7.678523226346808,6.595098609691561,7.651872940845967,6.723472358183137,7.13224749327888
GraalOnline Games,4.086427710913181,4.964146578010019,4.5046912533703525,4.570640253917074,4.532242265884558,4.825304718722003,4.7803796995708705,4.628928950322997,4.623597943838909,5.264892877999418,4.925637992531237,4.536665628811046,4.525106230355643,5.001546532101936,4.572689043369699
AllDebrid,4.821849372724344,5.863211239360857,5.51529963173293,5.943100977886377,5.8252255735333,5.017302058826317,4.721807348138615,5.72662336671122,5.204188109498117,5.385501375145067,5.41953494442655,5.885950845414808,5.098993155871418,5.980175006067859,5.7760872894542965
Exit Games,7.141524841663854,7.313838174405471,7.098719448712294,7.329265824385662,7.247708553979844,1.4991811610669765,2.013304314108087,2.349020584052603,2.182717996681701,2.103262671618257,2.1231014226303424,2.006782930225142,2.1038590036461335,2.229732852389673,1.646611793087595
OpenDrive,7.009177235991388,5.759705413869939,6.313468109647382,7.003837734460023,7.802973258445954,4.879768469099928,5.860132602854305,7.760058073651655,6.773071458304108,6.518916077969907,8.395010214123229,7.7758638668826325,5.426495469263301,7.471211999644327,8.280690702649961
Skyhook,7.20224553486956,7.359696434011175,8.780253098458198,6.449671103158959,7.85463314696343,7.791718613140469,8.72330415515718,7.893548842136146,6.853630555180409,7.0433058768362935,7.982396428037797,7.241226323645237,8.268296859540115,7.5388693266898175,6.916909350343785
SUPL,5.823480324218411,2.903391447508078,6.338972665849928,2.27582106760081,6.107302958051115,5.000301623335418,4.688194878362731,6.151073325907914,5.313108317690517,0.9384159391511404,6.509615232992157,6.293534169181839,6.0731034975288,5.827662502460721,5.126959150488727
Libon,3.6882746217098186,4.351360063054972,3.5902029183618995,5.207681751981134,4.079657397104448,4.002970183352956,3.02060269061654,3.7894128073859252,5.251094781275553,5.530985120588904,4.636839102810351,5.582088408143788,3.5693327316139,4.39609530935841,4.2985669836418925
SMS over IP,4.139743847853894,4.627958556396543,4.100941381707389,4.438009629294933,4.232966251935466,1.8401541269922712,1.3240832108557385,1.6536928571700469,2.119602114010623,2.0455741595454207,2.2603941983250957,1.6866341620304621,1.807240328975912,1.8291208665406082,1.8157296765881084
OmgPop games,7.636029885549143,8.394824329955744,9.481414627118017,9.026607062212186,9.156152969863603,8.202097653415414,8.642232701336054,8.478491624484812,8.019373095517464,7.371711594381873,8.595423870627288,9.105407434908788,8.975187418664374,9.776378430895075,9.461686240808042
HeyTell,5.555649215800814,5.903592384843621,4.991994687337052,5.489944411001162,4.840142523026782,5.708768200231205,5.13527736277079,4.664946293945297,6.068724396988323,6.2725047736441795,5.72725005080698,5.938984124877628,5.828828641216292,5.701872489699786,4.837062804845024
Yes24 Web,8.894398212843116,8.752943017920337,9.891442367927866,7.7020710659171865,8.23644812778995,8.90351005370398,9.48844628853927,8.06301695959065,7.689653216599437,7.015909458411109,8.827642341380317,8.424185693316552,6.697983392516858,8.49619507954292,8.734959410723192
Adictiz,7.539645110172753,7.648944592284077,6.422983042392882,7.835560925275568,7.636210368428642,6.801831685800795,6.984105416636087,6.470371401667659,6.905022711173764,4.875390332395699,6.85220165628482,4.180859760648388,7.181064675575363,5.388898817046499,6.783729771118628
DragonPlay,6.1608547991782565,8.316280384187273,5.951693566597299,7.7926490453229516,6.598551613622222,7.515325307648056,6.2518856416552016,6.696772465991125,7.463622802404196,7.367919518355689,6.879216499613305,7.052152950116982,7.347674367174324,7.926541586696576,6.017197234575077
LiveRadio,7.566169270885854,7.281874657616421,7.217921053795361,7.052913633424844,7.282011357980771,6.2989911764193,5.016277632318729,6.005692725302857,6.61877293989449,5.920584803609758,6.066874349128284,5.4135564439731105,5.3030693174788235,6.035974588053948,5.680905342918268
Careem,8.248573034086823,7.500523118640357,8.909134134894277,7.515887821122594,8.243201005454168,6.65509466130913,8.111832860819284,7.446316311206682,6.621903226721826,7.146140685927063,7.204232637876353,6.517524681726019,8.638509868193939,6.75325274914227,8.153626567834484
Livedrive,2.374647399174979,5.22457181252971,1.3577022750387666,3.3903636749381754,4.8905366755756745,4.6333261013087,2.7436612436542416,4.253032736076927,4.169494614762688,5.798966673912905,2.9833450170559788,5.905515315907556,5.78999734722718,5.453778936692903,5.639193588051065
Windows,13.166303061300269,13.807017460161111,6.03460204127486,10.439774751139112,11.071122648622685,11.282308094721028,10.988917298093115,8.077789323972127,9.827290414272543,8.466597352861356,9.64255031300118,8.598711215523107,12.719652857502327,8.403694869463855,10.917903130510428
SIEGE: Titan Wars,8.485961491589379,8.63804178333067,8.47018196666045,8.138013890859419,8.025063048202165,4.485957061070989,3.7937899227144722,4.316495173850865,4.611963672964556,4.87759007133696,4.086755773939239,4.063773832193198,4.1237888225709165,4.48417854443559,4.116015390728846
Camfrog,7.028169908986404,8.924939418721436,7.474120945606141,6.992105903541107,8.341347920025996,7.394033516985991,6.502918917611185,7.836176085802294,5.646592843852788,8.098446908192882,6.878493365424301,7.79795227833593,8.5036607138501,8.359123882510351,7.330255068507242
DirectConnect,9.621426122234071,4.674860144961806,2.99397874279453,8.726876832250312,9.635382996846287,9.244378676318565,10.72140681514037,10.669377778897365,8.37647312549191,7.362247065679971,9.723576831806724,5.223655367380706,5.3381685753375745,7.4576460904110355,10.095026458985593
Funshion,8.678959246798614,8.418818322540206,8.53065360548913,8.604809530522754,8.765931604765944,1.528600624670121,1.1992095005986887,1.79311813139051,1.2484550540038029,1.4168659620557857,1.1030666285855184,1.5870850093532272,1.2596450482158597,1.9998563709249957,1.4213078256602483
Contract Wars,5.704409189405118,7.057123314415783,8.908837460168083,6.821983771417082,6.41605435961392,8.210569177822146,8.547924166262877,6.364789553861483,6.943591363198445,6.3064921308858235,7.828309577027334,6.111361968869513,9.610110372164785,8.116411202658766,7.893729947333071
PPTP,10.219074001627078,12.150014734501214,12.42956499696666,9.899642222138288,10.559899938178127,7.21863812169195,7.133849808154837,9.439252796105212,8.335846537931426,8.770398723570205,8.968768337119128,8.393783274274952,4.71693771458112,9.466445185915164,9.732112675704533
Fring,7.788194126269377,8.79578751445199,6.658879475512212,10.231695987416902,7.47716549430212,3.753891655253442,4.302999204011358,3.9573024840057394,5.613310341191302,3.439113983909094,4.5563311029095255,4.21765332051049,4.225619065136755,3.3710426204031765,4.549486663802386
Pokerist1,10.123481528525248,11.600262863808922,8.937040080761514,12.139781871739112,9.539965654971171,3.9139539613428918,4.823804369302189,2.7947829548286784,3.5097884263161228,3.1426337924754213,5.109684348495084,3.6211887995278116,5.544187735375801,3.6716783030474813,4.224505114686896
Wikango,7.551494401244111,8.364731303262964,7.774887948225898,10.402581923378564,9.650570533992862,7.01561188422444,7.1173965793023335,7.703984908015903,7.88445415003453,4.573254641313632,5.710125265341894,2.5615417080674945,5.220673947772631,4.766363468945905,6.4518811822710695
Tapulous,8.175624700231666,7.460190497631866,8.420933533072677,7.599181636103077,8.421175958950336,6.2516846090010025,7.682411227391768,7.246754604779627,5.490185236573444,5.658475955621939,6.6070138503871005,6.3997093688114255,6.688955826754115,6.638105975956769,7.27742977308058
TVcheck,3.753881225973797,5.6184388544422985,9.030356879332043,6.975264878667712,6.637825052324153,6.657365383734264,10.330590426279267,8.408508774182009,8.315384423487957,6.85743575754417,6.17655142264928,6.404639574030623,7.838069039933762,6.03772574395014,7.448019338232805
Farm Heroes Saga,9.567118829741192,9.195624128825738,9.563719733805808,9.247708312253614,9.101120501427486,3.682722467993729,3.1180379397971083,3.941009821857384,4.454707258906628,5.102976848917322,3.6932992187091416,3.962953811199623,4.3605801394738215,4.691169229737772,3.3809990089130633
Interia,9.136491556829705,9.134197271932713,8.989929316073447,8.352413412552263,9.248538520043184,6.977998743425607,6.490073984154652,8.238602037475301,7.075417999205131,4.767871719762762,5.214038278897264,4.322757160995016,5.169959431170048,4.384558641082596,5.038507213034862
Google chat,9.564961727274985,7.900714217377408,9.662004978745552,8.694941376128366,8.023713089760406,8.624334459695136,9.304491148591502,8.398479306478913,8.591333361790518,5.808575693947286,7.692107799656083,6.486965747287698,7.71006153006269,6.512392433796879,8.49417177171513
Papa Pear Saga,8.003999579695073,6.898136086369112,7.180898967280854,7.032927830328503,6.938838899417139,2.96691817858247,7.477317079308226,5.114297500767799,3.788218442427753,2.7573756277476162,5.620251206831274,3.5594091599621738,5.383885882629068,3.822609667942816,6.275101886387483
StarAfrica,7.59813859096739,10.231202657941154,9.856864754028136,9.890794345197238,10.105302661501517,6.029591662291253,4.933453414950954,5.228997461166681,4.748002839044881,3.322816559687723,1.87469388763009,0.9373444237660137,4.880371852409236,4.313037200563008,2.329436500780197
World Reader,2.581204812634685,2.891166797979656,2.5150087709119697,3.0334622684018338,2.7412716915411646,3.8599885016234734,0.2969862927263627,2.2731038696905532,4.108994249637279,2.208180100566871,3.9731133905200737,1.9685367410135965,3.8170289076765433,3.156500804820051,2.1334787886531217
PutLocker,6.3623444096171795,8.804549845483864,8.291512040870485,5.704842457076963,6.759997676479828,7.511314971363213,7.683094162871427,5.89463239041084,5.091529556199964,7.258262813568384,8.22870570197107,4.85204332242043,9.337033782243857,7.78169389955724,8.121842756877136
Free Ride game,4.275726854073296,3.3142226482743395,4.643226508363401,11.051228606643209,3.9428882160907732,3.215114956367192,6.116453437125152,5.550928029715763,10.802002502870135,9.199336141277245,11.513774901529633,10.270354468189902,4.8895029549488465,3.8838136607789595,2.6107517301692145
Triviador,12.901401451476108,6.491824114298632,6.947066356094857,5.794865291221596,6.073709618971057,12.118153785344646,14.711870462722743,10.669751201393444,12.321045055232812,5.434629570585651,6.656516149467481,5.367702767764795,7.945145424813579,5.560718192436241,8.071116072917091
Lamsa game,3.002834656377548,1.1477091931461516,2.7300768518596152,2.7289813895303228,2.508888766321505,1.691841741574545,4.100804358030011,1.3251700543950349,1.951783600104857,1.8726537619095898,3.425533492794996,2.5909530770655316,2.935544973595635,2.195215886980944,3.009798940566205
Novacom,7.442573954140981,7.604248158798216,6.766459186657767,5.9522971125281625,6.513873061447131,4.156134528324544,5.289101158161051,5.300918215029346,4.845045219702698,4.725020523279906,5.472371313312695,4.925254016125613,6.273821545305494,4.981227950577337,5.802633167134165
Oovoo,3.400068794305789,4.2354647228572775,4.827484297878402,4.792492688164428,3.8965595669994704,3.548306194563971,3.980797159979481,3.3394298358447014,3.7589009705072267,3.02595896393819,5.43937408469538,2.0803782782523794,5.094127348877044,2.8999916341024283,5.507586225396092
MobileVoIP,8.578114161852483,7.620988292942719,9.065475228342915,8.171116731412548,8.112561867561283,6.959834751609076,7.70831511418562,7.43844296552618,7.7689541196676775,7.855805531763385,7.996707191906338,7.602859403893908,7.6267134857547445,7.976432474491144,8.167845133828171
Tap4fun games,2.341891843181703,2.245186578582346,6.844522916792316,5.833419200486992,3.6299455701929975,2.3421678056436814,5.613227947248877,2.3945957298876652,4.18758263663818,5.0229324370595165,3.807112130499296,3.754123161734948,6.146668732935513,2.2775315248133974,5.216643771377239
Anno-Online,inf,inf,inf,inf,inf,0.0,0.0,0.0,0.0,0.0,0.0,0.0,0.0,0.0,0.0
MinoMonsters,14.148329304631918,14.584009232748771,14.609137106384303,14.525674920343212,14.956413302381144,5.87023260321293,5.5406988974689355,6.150515580845025,5.191521978753285,5.35760355288223,4.7697146572381275,4.973577138693025,5.162383829047603,5.1827085644609765,4.586298211470563
AIM,3.193932790845272,3.615597480236695,2.8659429337349747,5.284311268952382,4.358580197662257,3.2717377218943673,2.4163226108919127,3.288191108723035,3.750604042872315,3.3134164048500963,4.333570712167712,2.4093684749952913,2.3517590615839112,1.9491705206010153,2.513162654676913
Around me,3.032166470393459,3.0285212203695338,2.907965694358796,5.084590949407085,4.6505860269321015,1.9724462318953355,2.177701054356622,2.983435934523306,3.4148911765968504,3.304376938105848,3.2142107731179608,1.5845332687490001,2.916780129399736,2.660524743621097,2.8800605083219777
OpenFeint,5.64208286791609,inf,7.518514704115511,inf,inf,inf,3.554208586586057,inf,inf,0.0,inf,0.0,inf,0.0,inf
Obfuscation proxy Others,inf,inf,inf,inf,inf,0.0,0.0,0.0,0.0,0.0,0.0,0.0,0.0,0.0,0.0
Orange Football Club,2.0150036817773778,4.282550025214498,3.5593901968730757,inf,inf,4.7076351304353485,3.7982065134048377,inf,inf,inf,inf,0.0,1.7460847398133477,inf,inf
